Ad group,Ad group ID,Asset,Asset type,Impr.
1. ADHS Diagnose und Abklärung,166267251732,Entdecke die AD(H)S-App für Jugendliche – Spielerisch lernen und fokussieren,Description,2230
1. ADHS Diagnose und Abklärung,166267251732,Hilfe für Kinder mit AD(H)S,Headline,442
1. ADHS Diagnose und Abklärung,166267251732,Unterstützung bei AD(H)S,Headline,338
1. ADHS Diagnose und Abklärung,166267251732,Unterstützung bei ADHS,Headline,1
1. ADHS Diagnose und Abklärung,166267251732,Hilfe für Eltern: Sofortige ADHS Beratung,Description,0
1. ADHS Diagnose und Abklärung,166267251732,Hilfe bei Abklärung und Diagnostik ohne Wartezeiten,Description,2
1. ADHS Diagnose und Abklärung,166267251732,Arzt für ADHS Kinder,Headline,559
1. ADHS Diagnose und Abklärung,166267251732,Hilfe für Eltern: Sofortige AD(H)S Beratung,Description,1
1. ADHS Diagnose und Abklärung,166267251732,Professionelle AD(H)S Beratung und Begleitung für Teenager von 10 bis 20 Jahren,Description,4110
1. ADHS Diagnose und Abklärung,166267251732,Professionelle ADHS Beratung und Begleitung für Teenager von 10 bis 20 Jahren,Description,4
1. ADHS Diagnose und Abklärung,166267251732,ADHS bei Kindern feststellen,Headline,1044
1. ADHS Diagnose und Abklärung,166267251732,ADHS abklären lassen,Headline,1
1. ADHS Diagnose und Abklärung,166267251732,ADS Abklärung ab welchem Alter,Headline,909
1. ADHS Diagnose und Abklärung,166267251732,Hilfe für Kinder mit ADHS,Headline,0
1. ADHS Diagnose und Abklärung,166267251732,ADHS? Hilfe für Eltern,Headline,133
1. ADHS Diagnose und Abklärung,166267251732,ADHS Elterncoaching,Headline,381
1. ADHS Diagnose und Abklärung,166267251732,Lösung für ADHS-Jugendliche,Headline,0
1. ADHS Diagnose und Abklärung,166267251732,Lösung für AD(H)S-Jugendliche,Headline,851
1. ADHS Diagnose und Abklärung,166267251732,Dein Kind besser verstehen,Headline,183
1. ADHS Diagnose und Abklärung,166267251732,Entdecke die ADHS-App für Jugendliche – Spielerisch lernen und fokussieren,Description,3
1. ADHS Diagnose und Abklärung,166267251732,Elternratgeber AD(H)S,Headline,1093
1. ADHS Diagnose und Abklärung,166267251732,ADHS-Coaching für Kids,Headline,200
1. ADHS Diagnose und Abklärung,166267251732,ADHS Symptome Kindertest,Headline,721
1. ADHS Diagnose und Abklärung,166267251732,ADHS Symptome bei Mädchen,Headline,158
1. ADHS Diagnose und Abklärung,166267251732,ADHS bei Kindern erkennen,Headline,256
1. ADHS Diagnose und Abklärung,166267251732,Elternratgeber ADHS,Headline,0
1. ADHS Diagnose und Abklärung,166267251732,AD(H)S abklären lassen,Headline,1650
2. ADHS Therapie,161871724020,Hilfe für Eltern: Sofortige AD(H)S Beratung,Description,0
2. ADHS Therapie,161871724020,ADHS-Hilfe für Ihr Kind,Headline,438
2. ADHS Therapie,161871724020,Unterstützung bei AD(H)S,Headline,629
2. ADHS Therapie,161871724020,Wir stärken Kids mit AD(H)S,Headline,768
2. ADHS Therapie,161871724020,AD(H)S Behandlungswege,Headline,281
2. ADHS Therapie,161871724020,Bachblüten für Kinder bei ADHS,Headline,811
2. ADHS Therapie,161871724020,Therapie bei ADS ADHS Kindern,Headline,748
2. ADHS Therapie,161871724020,Kinder-AD(H)S Therapie,Headline,682
2. ADHS Therapie,161871724020,Therapie-Unterstützung AD(H)S,Headline,347
2. ADHS Therapie,161871724020,ADHS Verhaltenstherapie Kinder,Headline,401
2. ADHS Therapie,161871724020,Medikamente für ADHS Kinder,Headline,443
2. ADHS Therapie,161871724020,Wege aus dem AD(H)S,Headline,536
2. ADHS Therapie,161871724020,ADHS Therapiemöglichkeiten,Headline,350
2. ADHS Therapie,161871724020,Familienhilfe bei AD(H)S,Headline,1575
2. ADHS Therapie,161871724020,Begleitend zur AD(H)S-Therapie,Headline,735
2. ADHS Therapie,161871724020,AD(H)S: Neue Wege gehen,Headline,502
2. ADHS Therapie,161871724020,Wir unterstützen Familien mit ADHS durch ein evidenzbasiertes Online-Coaching + App,Description,4331
2. ADHS Therapie,161871724020,Online-Coaching begleitend zur AD(H)S-Therapie,Description,0
2. ADHS Therapie,161871724020,Professionelle AD(H)S Beratung und Therapie für Kinder,Description,2316
3. ADHS Unterstützung/Förderung,167850042184,Hilfe für Teenager mit AD(H)S,Headline,1148
3. ADHS Unterstützung/Förderung,167850042184,Wir bieten Hilfestellungen und sind Ratgeber für Eltern von ADHS-betroffenen Kindern.,Description,4508
3. ADHS Unterstützung/Förderung,167850042184,Wertvolle Tipps bei ADHS,Headline,569
3. ADHS Unterstützung/Förderung,167850042184,Hilfe für Eltern mit ADHS-Kind,Headline,1898
3. ADHS Unterstützung/Förderung,167850042184,Leben mit ADHS Kind & Familie,Headline,144
3. ADHS Unterstützung/Förderung,167850042184,ADHS bei Kindern? Wir bieten maßgeschneiderte Unterstützung für deine Familie.,Description,0
3. ADHS Unterstützung/Förderung,167850042184,Hilfe für Kinder mit AD(H)S,Headline,1157
3. ADHS Unterstützung/Förderung,167850042184,Unterstützung bei AD(H)S,Headline,662
3. ADHS Unterstützung/Förderung,167850042184,Unterstützung bei Kinder-ADHS,Headline,607
3. ADHS Unterstützung/Förderung,167850042184,Elternratgeber für ADHS in CH,Headline,4565
3. ADHS Unterstützung/Förderung,167850042184,Infos über ADHS in der Schweiz,Headline,802
3. ADHS Unterstützung/Förderung,167850042184,AD(H)S-Hilfe für dein Kind,Headline,196
3. ADHS Unterstützung/Förderung,167850042184,Ratgeber für ADHS im Alltag,Headline,210
3. ADHS Unterstützung/Förderung,167850042184,Professionelle ADHS-Beratung und Therapie für Kinder bei liebevollen Coaches,Description,0
3. ADHS Unterstützung/Förderung,167850042184,Förderung für Ihr ADHS-Kind,Headline,709
3. ADHS Unterstützung/Förderung,167850042184,Achtsamkeitsübungen bei ADHS,Headline,517
3. ADHS Unterstützung/Förderung,167850042184,ADHS · Unterstützung finden,Headline,420
3. ADHS Unterstützung/Förderung,167850042184,Gemeinsam ADHS bewältigen,Headline,89
3. ADHS Unterstützung/Förderung,167850042184,Entdecke unsere ADHS-Support-Angebote für Eltern und Kinder. Professionelle Beratung.,Description,6635
4. Verhaltensbeobachtungen,161083923036,Schulprobleme wegen ADHS? Wir bieten Lösungen für dein Kind und deine Familie.,Description,0
4. Verhaltensbeobachtungen,161083923036,Wird dein Kind schnell wütend?,Headline,301
4. Verhaltensbeobachtungen,161083923036,ADHS Kinder stören Unterricht,Headline,130
4. Verhaltensbeobachtungen,161083923036,Kind mit Konzentrationsproblem,Headline,5
4. Verhaltensbeobachtungen,161083923036,ADHS Kids mit Schlafproblemen,Headline,109
4. Verhaltensbeobachtungen,161083923036,Wir stärken Kids mit ADHS,Headline,708
4. Verhaltensbeobachtungen,161083923036,Hyperaktivität bei Kindern,Headline,21
4. Verhaltensbeobachtungen,161083923036,Schulprobleme bei ADHS lösen,Headline,157
4. Verhaltensbeobachtungen,161083923036,ADHS bei deinem Kind? Methoden zur Stärkung der Konzentration findest du hier.,Description,0
4. Verhaltensbeobachtungen,161083923036,Ist dein Kind unkonzentriert?,Headline,196
4. Verhaltensbeobachtungen,161083923036,ADHS Kinder langsam beruhigen,Headline,204
4. Verhaltensbeobachtungen,161083923036,Umgang mit unruhigen Kindern,Headline,260
4. Verhaltensbeobachtungen,161083923036,Dein Kind besser verstehen,Headline,376
4. Verhaltensbeobachtungen,161083923036,Hyperaktivität und ADHS bei Kindern: Wir zeigen Wege zur Förderung und Unterstützung.,Description,1594
4. Verhaltensbeobachtungen,161083923036,Bei ADHS Konzentration stärken,Headline,45
4. Verhaltensbeobachtungen,161083923036,Symptome bei Kids verstehen,Headline,405
4. Verhaltensbeobachtungen,161083923036,Dein Kind mag nicht stillsitzen? Erfahre mehr über ADHS und Unterstützungsangebote.,Description,956
4. Verhaltensbeobachtungen,161083923036,Wenn ein ADHS Kind nicht hört,Headline,250
4. Verhaltensbeobachtungen,161083923036,ADHS-Symptome richtig deuten,Headline,62
4. Verhaltensbeobachtungen,161083923036,Hyperaktives Kind stört Stunde,Headline,4
4. Verhaltensbeobachtungen,161083923036,Hilfe am Abend und Wochenende,Headline,72
5. ADHS im Alltag & Apps,161084047596,Richtiger Umgang mit ADHS Kids,Headline,146
5. ADHS im Alltag & Apps,161084047596,ADHS Elterncoaching,Headline,183
5. ADHS im Alltag & Apps,161084047596,Alltag mit AD(H)S meistern,Headline,34
5. ADHS im Alltag & Apps,161084047596,Effektive ADHS-Apps nutzen,Headline,326
5. ADHS im Alltag & Apps,161084047596,Spezielle AD(H)S-Apps unterstützen Jugendliche beim Organisieren und in der Ausbildung.,Description,0
5. ADHS im Alltag & Apps,161084047596,App & persönliches Coaching,Headline,3
5. ADHS im Alltag & Apps,161084047596,ADHS Hilfe mit Smartphone-App,Headline,72
5. ADHS im Alltag & Apps,161084047596,Ernährungstipp für ADHS Kinder,Headline,223
5. ADHS im Alltag & Apps,161084047596,ADHS Teenager? Probier die App,Headline,194
5. ADHS im Alltag & Apps,161084047596,"Unsere App hilft deinem Kind mit ADHS, den Tag besser zu strukturieren. Jetzt ausprobieren",Description,0
5. ADHS im Alltag & Apps,161084047596,App & Coaching für ADHS,Headline,72
5. ADHS im Alltag & Apps,161084047596,Mit App + persönlichem Coach zu mehr Selbständigkeit und Sicherheit · Teenager & Familien,Description,1411
5. ADHS im Alltag & Apps,161084047596,ADHS im Schulalltag meistern,Headline,34
5. ADHS im Alltag & Apps,161084047596,ADHS besser managen mit App,Headline,194
5. ADHS im Alltag & Apps,161084047596,ADHS-App für Jugendliche,Headline,525
5. ADHS im Alltag & Apps,161084047596,ADHS meistern: Entdecke unsere innovative App für Eltern und Kinder und das ohne Wartezeit,Description,837
5. ADHS im Alltag & Apps,161084047596,ADHS-Alltagstipps entdecken,Headline,62
5. ADHS im Alltag & Apps,161084047596,App für AD(H)S-Teenager,Headline,641
5. ADHS im Alltag & Apps,161084047596,Was tun bei Kindern mit ADHS?,Headline,240
6. ADHS Beratung & Coaching,161872394580,ADHS-Hilfe in der Schweiz,Headline,5609
6. ADHS Beratung & Coaching,161872394580,ADHS Beratung für Jugendliche,Headline,912
6. ADHS Beratung & Coaching,161872394580,Beratung ohne Warteliste,Headline,1240
6. ADHS Beratung & Coaching,161872394580,AS(H)S Coach für dein Kind,Headline,590
6. ADHS Beratung & Coaching,161872394580,"ADHS-Coaching für Kinder, das Familien hilft. Jetzt testen! Regelmässiger Wochentermin",Description,10595
6. ADHS Beratung & Coaching,161872394580,Kindern ADHS einfach erklärt,Headline,404
6. ADHS Beratung & Coaching,161872394580,Wie erkläre ich dem Kind ADHS,Headline,357
6. ADHS Beratung & Coaching,161872394580,Hilfe bei ADHS finden,Headline,1087
6. ADHS Beratung & Coaching,161872394580,Kein Platz in der Therapie? Wir helfen mit modernsten Tools und Ansätzen!,Description,0
6. ADHS Beratung & Coaching,161872394580,ADHS-Hilfe für dein Kind,Headline,372
6. ADHS Beratung & Coaching,161872394580,ADHS-Coaching online,Headline,1303
6. ADHS Beratung & Coaching,161872394580,Blog für ADHS bei Kindern,Headline,245
6. ADHS Beratung & Coaching,161872394580,ADHS bei Kindern? Gossik bietet Lösungen für Eltern und Kinder · 10 bis 20 Jahre,Description,5864
6. ADHS Beratung & Coaching,161872394580,ADHS? Wir unterstützen,Headline,5237
6. ADHS Beratung & Coaching,161872394580,Machen Sie den ersten Schritt zur Unterstützung Ihres Kindes.,Description,0
6. ADHS Beratung & Coaching,161872394580,Hilfe für Kinder mit AD(H)S,Headline,1051
6. ADHS Beratung & Coaching,161872394580,AD(H)S? Hilfe für Eltern,Headline,525
6. ADHS Beratung & Coaching,161872394580,ADS Unterstützung innert Tagen,Headline,1035
6. ADHS Beratung & Coaching,161872394580,ADHS Beratung Zürich & Online,Headline,2340
7. ADHS Allgemein,160587633826,ADHS Ursachen bei Kindern,Headline,71
7. ADHS Allgemein,160587633826,ADHS-Test bei Mädchen,Headline,1504
7. ADHS Allgemein,160587633826,Elternratgeber ADHS,Headline,332
7. ADHS Allgemein,160587633826,ADHS Elterncoaching sofort,Headline,935
7. ADHS Allgemein,160587633826,Wir stärken Kids mit ADHS,Headline,913
7. ADHS Allgemein,160587633826,ADHS-Coaching für Kids,Headline,379
7. ADHS Allgemein,160587633826,Professionelle ADHS Beratung und Therapie für Jugendliche von 10 bis 20 Jahren & Familien,Description,2526
7. ADHS Allgemein,160587633826,Leichtes ADHS bei Kindern,Headline,307
7. ADHS Allgemein,160587633826,Hilfe für Eltern: Sofortige ADHS Beratung ohne Warteliste · Zertifizierte ADHS-Coaches,Description,0
7. ADHS Allgemein,160587633826,ADHS bei Mädchen erkennen,Headline,158
7. ADHS Allgemein,160587633826,Hilfe für Eltern: Bewährte ADHS Tipps und Unterstützung,Description,0
7. ADHS Allgemein,160587633826,Hilfe für Jugendliche mit ADHS,Headline,1474
7. ADHS Allgemein,160587633826,ADHS & Pubertät bei Jungen,Headline,355
7. ADHS Allgemein,160587633826,ADS bei Kindern · Wir helfen,Headline,613
7. ADHS Allgemein,160587633826,ADHS bei Mädchen Erfahrungen,Headline,24
7. ADHS Allgemein,160587633826,Entdecke die ADHS-App für Jugendliche –unterstützt durch Erinnerungen beim Tagesablauf,Description,4364
7. ADHS Allgemein,160587633826,Dein Kind besser verstehen,Headline,176
7. ADHS Allgemein,160587633826,Beratung für ADHS Teenager,Headline,276
7. ADHS Allgemein,160587633826,Die App für ADHS-Teenager,Headline,1469